Play,Move No.,Selected Algorithm,Time per move,Move played,Board state
1,1,MCTS,172.84822463989258,"(2, 2)","[[0 0 0]
 [0 1 0]
 [0 0 2]]"
1,2,MCTS,91.61019325256348,"(0, 2)","[[0 0 2]
 [0 1 0]
 [1 0 2]]"
1,3,MCTS,53.30395698547363,"(0, 1)","[[0 2 2]
 [0 1 1]
 [1 0 2]]"
2,1,MCTS,166.34178161621094,"(0, 2)","[[0 0 2]
 [0 1 0]
 [0 0 0]]"
2,2,MCTS,86.37571334838867,"(2, 2)","[[1 0 2]
 [0 1 0]
 [0 0 2]]"
2,3,MCTS,70.7097053527832,"(2, 1)","[[1 0 2]
 [0 1 1]
 [0 2 2]]"
3,1,MCTS,175.89235305786133,"(0, 0)","[[2 0 0]
 [0 1 0]
 [0 0 0]]"
3,2,MCTS,87.31770515441895,"(0, 2)","[[2 0 2]
 [0 1 0]
 [1 0 0]]"
3,3,MCTS,52.477359771728516,"(1, 2)","[[2 1 2]
 [0 1 2]
 [1 0 0]]"
4,1,MCTS,169.22807693481445,"(2, 2)","[[0 0 0]
 [0 1 0]
 [0 0 2]]"
4,2,MCTS,93.22047233581543,"(0, 2)","[[0 0 2]
 [0 1 0]
 [1 0 2]]"
4,3,MCTS,52.83498764038086,"(0, 1)","[[0 2 2]
 [0 1 1]
 [1 0 2]]"
5,1,MCTS,172.03474044799805,"(0, 2)","[[0 0 2]
 [0 1 0]
 [0 0 0]]"
5,2,MCTS,87.75925636291504,"(0, 0)","[[2 0 2]
 [0 1 0]
 [0 0 1]]"
5,3,MCTS,52.495718002319336,"(1, 0)","[[2 1 2]
 [2 1 0]
 [0 0 1]]"
6,1,MCTS,195.17898559570312,"(2, 2)","[[0 0 0]
 [0 1 0]
 [0 0 2]]"
6,2,MCTS,88.73605728149414,"(0, 2)","[[0 0 2]
 [0 1 0]
 [1 0 2]]"
6,3,MCTS,52.306413650512695,"(0, 1)","[[0 2 2]
 [0 1 1]
 [1 0 2]]"
7,1,MCTS,169.5079803466797,"(2, 0)","[[0 0 0]
 [0 1 0]
 [2 0 0]]"
7,2,MCTS,87.45360374450684,"(0, 0)","[[2 0 0]
 [0 1 0]
 [2 0 1]]"
7,3,MCTS,54.08906936645508,"(0, 1)","[[2 2 0]
 [1 1 0]
 [2 0 1]]"
8,1,MCTS,173.1414794921875,"(2, 0)","[[0 0 0]
 [0 1 0]
 [2 0 0]]"
8,2,MCTS,86.06863021850586,"(0, 0)","[[2 0 0]
 [0 1 0]
 [2 0 1]]"
8,3,MCTS,53.54785919189453,"(0, 1)","[[2 2 0]
 [1 1 0]
 [2 0 1]]"
9,1,MCTS,169.11745071411133,"(2, 2)","[[0 0 0]
 [0 1 0]
 [0 0 2]]"
9,2,MCTS,87.93187141418457,"(0, 2)","[[0 0 2]
 [0 1 0]
 [1 0 2]]"
9,3,MCTS,52.20770835876465,"(0, 1)","[[0 2 2]
 [0 1 1]
 [1 0 2]]"
10,1,MCTS,172.3775863647461,"(0, 2)","[[0 0 2]
 [0 1 0]
 [0 0 0]]"
10,2,MCTS,87.43453025817871,"(0, 0)","[[2 0 2]
 [0 1 0]
 [0 0 1]]"
10,3,MCTS,51.035404205322266,"(1, 0)","[[2 1 2]
 [2 1 0]
 [0 0 1]]"
11,1,MCTS,166.65339469909668,"(0, 2)","[[0 0 2]
 [0 1 0]
 [0 0 0]]"
11,2,MCTS,89.46585655212402,"(0, 0)","[[2 0 2]
 [0 1 0]
 [0 0 1]]"
11,3,MCTS,52.05702781677246,"(1, 0)","[[2 1 2]
 [2 1 0]
 [0 0 1]]"
12,1,MCTS,202.96120643615723,"(2, 0)","[[0 0 0]
 [0 1 0]
 [2 0 0]]"
12,2,MCTS,90.81149101257324,"(0, 0)","[[2 0 0]
 [0 1 0]
 [2 0 1]]"
12,3,MCTS,52.165985107421875,"(0, 1)","[[2 2 0]
 [1 1 0]
 [2 0 1]]"
13,1,MCTS,169.4204807281494,"(2, 0)","[[0 0 0]
 [0 1 0]
 [2 0 0]]"
13,2,MCTS,86.12656593322754,"(0, 0)","[[2 0 0]
 [0 1 0]
 [2 0 1]]"
13,3,MCTS,51.67055130004883,"(0, 1)","[[2 2 0]
 [1 1 0]
 [2 0 1]]"
14,1,MCTS,181.2891960144043,"(0, 2)","[[0 0 2]
 [0 1 0]
 [0 0 0]]"
14,2,MCTS,90.03567695617676,"(0, 0)","[[2 0 2]
 [0 1 0]
 [0 0 1]]"
14,3,MCTS,55.374860763549805,"(1, 0)","[[2 1 2]
 [2 1 0]
 [0 0 1]]"
15,1,MCTS,178.21168899536133,"(2, 0)","[[0 0 0]
 [0 1 0]
 [2 0 0]]"
15,2,MCTS,88.05465698242188,"(0, 0)","[[2 0 0]
 [0 1 0]
 [2 0 1]]"
15,3,MCTS,52.764892578125,"(0, 1)","[[2 2 0]
 [1 1 0]
 [2 0 1]]"
16,1,MCTS,194.52977180480957,"(2, 0)","[[0 0 0]
 [0 1 0]
 [2 0 0]]"
16,2,MCTS,85.79826354980469,"(0, 0)","[[2 0 0]
 [0 1 0]
 [2 0 1]]"
16,3,MCTS,52.66118049621582,"(0, 1)","[[2 2 0]
 [1 1 0]
 [2 0 1]]"
17,1,MCTS,167.71769523620605,"(0, 0)","[[2 0 0]
 [0 1 0]
 [0 0 0]]"
17,2,MCTS,89.29777145385742,"(0, 2)","[[2 0 2]
 [0 1 0]
 [1 0 0]]"
17,3,MCTS,51.65863037109375,"(1, 2)","[[2 1 2]
 [0 1 2]
 [1 0 0]]"
18,1,MCTS,193.60923767089844,"(0, 0)","[[2 0 0]
 [0 1 0]
 [0 0 0]]"
18,2,MCTS,88.39583396911621,"(0, 2)","[[2 0 2]
 [0 1 0]
 [1 0 0]]"
18,3,MCTS,52.17599868774414,"(1, 2)","[[2 1 2]
 [0 1 2]
 [1 0 0]]"
19,1,MCTS,174.07894134521484,"(0, 2)","[[0 0 2]
 [0 1 0]
 [0 0 0]]"
19,2,MCTS,87.76140213012695,"(0, 0)","[[2 0 2]
 [0 1 0]
 [0 0 1]]"
19,3,MCTS,51.19037628173828,"(1, 0)","[[2 1 2]
 [2 1 0]
 [0 0 1]]"
20,1,MCTS,172.17731475830078,"(0, 2)","[[0 0 2]
 [0 1 0]
 [0 0 0]]"
20,2,MCTS,88.53268623352051,"(0, 0)","[[2 0 2]
 [0 1 0]
 [0 0 1]]"
20,3,MCTS,53.205251693725586,"(1, 0)","[[2 1 2]
 [2 1 0]
 [0 0 1]]"
